"","habitat","clutch","hatch_seq","chick","nest...4","nest...5","date","weight","chickage"
"1","berm",3,1,1,"284",NA,"44733",65,1
"2","berm",3,1,1,"284",NA,"44734",75,2
"3","berm",3,1,1,"284",NA,"44735",82,3
"4","berm",3,1,1,"284",NA,"44736",100,4
"5","berm",3,1,1,"284",NA,"44737",132,5
"6","berm",3,1,1,"284",NA,"44739",185,7
"7","berm",3,1,1,"284",NA,"44741",218,9
"8","berm",3,1,1,"284",NA,"44743",300,11
"9","berm",3,1,1,"284",NA,"44715",395,13
"10","berm",3,1,1,"284",NA,"44747",485,15
"11","berm",3,1,1,"284",NA,"44749",586,17
"12","berm",3,1,1,"284",NA,"44751",605,19
"13","berm",3,1,1,"284",NA,"44753",760,21
"14","berm",3,1,1,"284",NA,"44765",810,33
"15","berm",3,2,2,"284",NA,"44734",67,2
"16","berm",3,2,2,"284",NA,"44735",75,3
"17","berm",3,2,2,"284",NA,"44736",89,4
"18","berm",3,2,2,"284",NA,"44737",128,5
"19","berm",3,2,2,"284",NA,"44741",198,9
"20","berm",3,2,2,"284",NA,"44743",270,11
"21","berm",3,2,2,"284",NA,"44715",360,13
"22","berm",3,2,2,"284",NA,"44747",445,15
"23","berm",3,2,2,"284",NA,"44749",511,17
"24","berm",3,2,2,"284",NA,"44751",540,19
"25","berm",3,2,2,"284",NA,"44759",820,27
"26","berm",3,2,2,"284",NA,"44765",700,33
"27","berm",3,3,3,"284",NA,"44735",64,4
"28","berm",3,3,3,"284",NA,"44736",69,5
"29","berm",3,3,3,"284",NA,"44737",92,6
"30","berm",3,3,3,"284",NA,"44739",128,8
"31","berm",3,3,3,"284",NA,"44741",146,10
"32","berm",3,3,3,"284",NA,"44715",325,14
"33","berm",3,3,3,"284",NA,"44747",430,16
"34","berm",3,3,3,"284",NA,"44749",501,18
"35","berm",3,3,3,"284",NA,"44751",570,20
"36","berm",3,3,3,"284",NA,"44753",649,22
"37","berm",3,3,3,"284",NA,"44759",865,28
"38","berm",3,3,3,"284",NA,"44765",790,34
"39","berm",3,3,4,"702",73,"44726",87,0
"40","berm",3,3,4,"702",73,"44733",77,1
"41","berm",3,3,4,"702",73,"44734",75,2
"42","berm",3,3,4,"702",73,"44737",145,5
"43","berm",3,3,4,"702",73,"44743",299,11
"44","berm",3,3,4,"702",73,"44747",450,15
"45","berm",3,3,4,"702",73,"44749",535,17
"46","berm",3,2,5,"702",73,"44726",92,0
"47","berm",3,2,5,"702",73,"44732",89,1
"48","berm",3,2,5,"702",73,"44733",113,2
"49","berm",3,2,5,"702",73,"44734",125,3
"50","berm",3,2,5,"702",73,"44743",425,12
"51","berm",3,2,5,"702",73,"44749",636,18
"52","berm",3,2,5,"702",73,"44751",620,20
"53","berm",3,2,5,"702",73,"44753",700,22
"54","berm",3,1,6,"702",73,"44726",93,0
"55","berm",3,1,6,"702",73,"44732",83,3
"56","berm",3,1,6,"702",73,"44733",101,4
"57","berm",3,1,6,"702",73,"44734",119,5
"58","berm",3,1,6,"702",73,"44735",133,6
"59","berm",3,1,6,"702",73,"44737",200,8
"60","berm",3,1,6,"702",73,"44739",240,10
"61","berm",3,2,7,"202",50,"44726",85,0
"62","berm",3,2,7,"202",50,"44732",68,1
"63","berm",3,2,7,"202",50,"44733",76,2
"64","berm",3,2,7,"202",50,"44734",82,3
"65","berm",3,2,7,"202",50,"44736",88,5
"66","berm",3,2,7,"202",50,"44737",136,7
"67","berm",3,2,7,"202",50,"44739",160,8
"68","berm",3,2,7,"202",50,"44741",190,10
"69","berm",3,2,7,"202",50,"44743",282,12
"70","berm",3,2,7,"202",50,"44715",378,14
"71","berm",3,2,7,"202",50,"44749",550,18
"72","berm",3,2,7,"202",50,"44751",560,20
"73","berm",3,2,7,"202",50,"44753",620,22
"74","berm",3,2,7,"202",50,"44759",880,28
"75","berm",3,2,7,"202",50,"44765",980,35
"76","berm",3,3,8,"202",50,"44726",89,0
"77","berm",3,3,8,"202",50,"44730",80,1
"78","berm",3,3,8,"202",50,"44732",94,3
"79","berm",3,3,8,"202",50,"44733",101,4
"80","berm",3,3,8,"202",50,"44734",119,5
"81","berm",3,3,8,"202",50,"44735",141,6
"82","berm",3,3,8,"202",50,"44736",142,7
"83","berm",3,3,8,"202",50,"44737",193,9
"84","berm",3,3,8,"202",50,"44739",215,11
"85","berm",3,3,8,"202",50,"44741",310,13
"86","berm",3,3,8,"202",50,"44743",370,15
"87","berm",3,1,9,"202",50,"44726",83,0
"88","berm",3,1,9,"202",50,"44732",71,1
"89","berm",3,1,9,"202",50,"44733",117,2
"90","berm",3,1,9,"202",50,"44734",135,3
"91","berm",3,1,9,"202",50,"44736",181,5
"92","berm",3,1,9,"202",50,"44737",215,6
"93","berm",3,1,9,"202",50,"44739",250,8
"94","berm",3,1,9,"202",50,"44741",340,10
"95","berm",3,1,9,"202",50,"44743",280,12
"96","berm",3,1,9,"202",50,"44715",475,14
"97","berm",3,1,9,"202",50,"44747",550,16
"98","berm",3,1,9,"202",50,"44749",640,18
"99","berm",3,1,9,"202",50,"44751",655,20
"100","berm",3,1,9,"202",50,"44753",695,22
"101","berm",3,1,9,"202",50,"44765",930,28
"102","berm",3,1,10,"154",29,"44726",92,0
"103","berm",3,1,10,"154",29,"44730",85,1
"104","berm",3,1,10,"154",29,"44732",87,3
"105","berm",3,2,11,"154",29,"44726",84,0
"106","berm",3,2,11,"154",29,"44730",79,1
"107","berm",3,2,11,"154",29,"44732",97,3
"108","berm",3,2,11,"154",29,"44733",102,4
"109","berm",3,2,11,"154",29,"44734",132,5
"110","berm",3,3,12,"154",29,"44726",85,0
"111","berm",3,3,12,"154",29,"44730",76,1
"112","berm",3,3,12,"154",29,"44732",91,3
"113","berm",3,3,12,"154",29,"44734",119,5
"114","berm",3,3,12,"154",29,"44739",146,10
"115","berm",3,2,13,"267",41,"44732",80,2
"116","berm",3,2,13,"267",41,"44733",95,3
"117","berm",3,2,13,"267",41,"44734",119,4
"118","berm",3,2,13,"267",41,"44736",170,6
"119","berm",3,2,13,"267",41,"44737",193,7
"120","berm",3,2,13,"267",41,"44739",249,9
"121","berm",3,2,13,"267",41,"44741",340,11
"122","berm",3,2,13,"267",41,"44743",400,13
"123","berm",3,2,13,"267",41,"44715",408,15
"124","berm",3,2,13,"267",41,"44747",450,17
"125","berm",3,2,13,"267",41,"44749",521,19
"126","berm",3,2,13,"267",41,"44753",585,23
"127","berm",3,2,13,"267",41,"44759",720,29
"128","berm",3,2,13,"267",41,"44765",703,36
"129","berm",3,3,14,"267",41,"44733",71,1
"130","berm",3,3,14,"267",41,"44734",71,2
"131","berm",3,3,14,"267",41,"44736",93,4
"132","berm",3,3,14,"267",41,"44737",114,5
"133","berm",3,3,14,"267",41,"44739",270,7
"134","berm",3,3,14,"267",41,"44741",180,9
"135","berm",3,3,14,"267",41,"44743",230,11
"136","berm",3,3,14,"267",41,"44715",270,13
"137","berm",3,3,14,"267",41,"44747",310,15
"138","berm",3,3,14,"267",41,"44749",261,17
"139","berm",3,3,14,"267",41,"44753",420,21
"140","berm",3,3,14,"267",41,"44759",650,27
"141","berm",3,3,14,"267",41,"44765",700,34
"142","berm",3,1,15,"267",41,"44732",81,3
"143","berm",3,1,15,"267",41,"44733",104,4
"144","berm",3,1,15,"267",41,"44734",118,5
"145","berm",3,1,15,"267",41,"44736",167,7
"146","berm",3,1,15,"267",41,"44737",185,8
"147","berm",3,1,15,"267",41,"44739",243,10
"148","berm",3,1,15,"267",41,"44741",300,12
"149","berm",3,1,15,"267",41,"44743",352,14
"150","berm",3,1,15,"267",41,"44747",500,18
"151","berm",3,1,15,"267",41,"44749",520,20
"152","berm",3,1,15,"267",41,"44753",600,24
"153","berm",3,1,15,"267",41,"44759",696,30
"154","berm",3,1,15,"267",41,"44765",706,37
"155","berm",3,3,16,"271",44,"44726",88,0
"156","berm",3,3,16,"271",44,"44732",89,3
"157","berm",3,3,16,"271",44,"44733",104,4
"158","berm",3,3,16,"271",44,"44734",130,5
"159","berm",3,3,16,"271",44,"44735",178,6
"160","berm",3,3,16,"271",44,"44736",106,7
"161","berm",3,3,16,"271",44,"44737",207,8
"162","berm",3,3,16,"271",44,"44741",345,12
"163","berm",3,3,16,"271",44,"44743",450,14
"164","berm",3,3,16,"271",44,"44751",710,22
"165","berm",3,2,17,"271",44,"44728",70,2
"166","berm",3,2,17,"271",44,"44730",91,4
"167","berm",3,2,17,"271",44,"44732",141,6
"168","berm",3,2,17,"271",44,"44733",157,7
"169","berm",3,2,17,"271",44,"44734",190,8
"170","berm",3,2,17,"271",44,"44735",250,9
"171","berm",3,2,17,"271",44,"44736",280,10
"172","berm",3,2,17,"271",44,"44737",305,11
"173","berm",3,2,17,"271",44,"44739",385,13
"174","berm",3,2,17,"271",44,"44741",435,15
"175","berm",3,2,17,"271",44,"44743",550,17
"176","berm",3,2,17,"271",44,"44715",562,19
"177","berm",3,2,17,"271",44,"44747",620,21
"178","berm",3,2,17,"271",44,"44749",668,23
"179","berm",3,2,17,"271",44,"44751",740,25
"180","berm",3,1,18,"271",44,"44728",72,2
"181","berm",3,1,18,"271",44,"44730",100,4
"182","berm",3,1,18,"271",44,"44732",160,6
"183","berm",3,1,18,"271",44,"44733",165,7
"184","berm",3,1,18,"271",44,"44734",185,8
"185","berm",3,1,18,"271",44,"44735",256,9
"186","berm",3,1,18,"271",44,"44736",294,10
"187","berm",3,1,18,"271",44,"44737",310,11
"188","berm",3,1,18,"271",44,"44739",390,13
"189","berm",3,1,18,"271",44,"44715",590,19
"190","berm",3,1,18,"271",44,"44747",690,21
"191","berm",3,1,18,"271",44,"44749",790,23
"192","berm",3,1,18,"271",44,"44751",770,25
"193","berm",3,NA,19,"686",64,"44726",81,0
"194","berm",3,1,20,"686",64,"44726",86,0
"195","berm",3,1,20,"686",64,"44737",76,1
"196","berm",3,1,20,"686",64,"44739",80,3
"197","berm",3,1,20,"686",64,"44741",42,5
"198","berm",3,1,20,"686",64,"44715",119,9
"199","berm",3,1,20,"686",64,"44747",165,11
"200","berm",3,1,20,"686",64,"44753",360,17
"201","berm",3,1,20,"686",64,"44765",740,29
"202","berm",3,2,21,"686",64,"44726",88,0
"203","berm",3,2,21,"686",64,"44739",74,2
"204","berm",3,1,23,"697",NA,"44732",86,3
"205","berm",3,1,23,"697",NA,"44733",114,4
"206","berm",3,1,23,"697",NA,"44734",130,5
"207","berm",3,1,23,"697",NA,"44735",142,6
"208","berm",3,1,23,"697",NA,"44739",289,10
"209","berm",3,1,23,"697",NA,"44741",340,12
"210","berm",3,1,23,"697",NA,"44743",440,14
"211","berm",3,1,23,"697",NA,"44715",520,16
"212","berm",3,1,23,"697",NA,"44749",680,20
"213","berm",3,1,23,"697",NA,"44751",730,22
"214","berm",3,1,23,"697",NA,"44753",820,24
"215","berm",3,1,23,"697",NA,"44765",1002,37
"216","berm",3,1,25,"647",13,"44726",80,NA
"217","berm",3,1,25,"647",13,"44727",93,NA
"218","berm",3,1,25,"647",13,"44730",160,NA
"219","berm",3,1,25,"647",13,"44732",218,NA
"220","berm",3,1,25,"647",13,"44733",260,NA
"221","berm",3,1,25,"647",13,"44734",292,NA
"222","berm",3,1,25,"647",13,"44735",345,NA
"223","berm",3,1,25,"647",13,"44736",400,NA
"224","berm",3,1,25,"647",13,"44737",440,NA
"225","berm",3,1,25,"647",13,"44739",471,NA
"226","berm",3,1,25,"647",13,"44741",550,NA
"227","berm",3,1,25,"647",13,"44743",660,NA
"228","berm",3,1,25,"647",13,"44715",749,NA
"229","berm",3,1,25,"647",13,"44747",800,NA
"230","berm",3,1,25,"647",13,"44749",1000,NA
"231","berm",3,1,25,"647",13,"44751",760,NA
"232","berm",3,1,25,"647",13,"44753",900,NA
"233","berm",3,1,25,"647",13,"44765",902,NA
"234","berm",3,2,26,"647",13,"44726",68,NA
"235","berm",3,2,28,"266",97,"44726",83,0
"236","berm",3,2,28,"266",97,"44733",68,1
"237","berm",3,2,28,"266",97,"44734",70,2
"238","berm",3,2,28,"266",97,"44735",76,3
"239","berm",3,2,28,"266",97,"44737",108,5
"240","berm",3,2,28,"266",97,"44739",128,7
"241","berm",3,1,29,"266",97,"44726",90,0
"242","berm",3,1,29,"266",97,"44734",71,1
"243","berm",3,1,29,"266",97,"44735",70,2
"244","berm",3,1,29,"266",97,"44739",134,6
"245","berm",3,3,31,"629",25,"44726",82,0
"246","berm",3,3,31,"629",25,"44737",90,1
"247","berm",3,3,31,"629",25,"44739",80,3
"248","berm",3,1,32,"629",25,"44726",85,0
"249","berm",3,1,32,"629",25,"44736",68,2
"250","berm",3,1,32,"629",25,"44737",76,3
"251","berm",3,1,32,"629",25,"44739",98,5
"252","berm",3,2,33,"629",25,"44726",87,0
"253","berm",3,2,33,"629",25,"44737",103,2
"254","berm",3,2,33,"629",25,"44739",121,4
"255","berm",3,2,33,"629",25,"44741",160,6
"256","berm",3,2,33,"629",25,"44743",229,8
"257","berm",3,2,33,"629",25,"44715",300,10
"258","berm",3,2,33,"629",25,"44747",390,12
"259","berm",3,2,33,"629",25,"44749",500,14
"260","berm",3,2,33,"629",25,"44751",540,16
"261","berm",3,2,33,"629",25,"44765",1005,30
"262","berm",3,3,34,"625",8,"44726",80,0
"263","berm",3,3,34,"625",8,"44732",83,1
"264","berm",3,3,34,"625",8,"44733",80,2
"265","berm",3,2,35,"625",8,"44726",93,0
"266","berm",3,2,35,"625",8,"44730",76,1
"267","berm",3,2,35,"625",8,"44732",65,3
"268","berm",3,2,35,"625",8,"44733",66,4
"269","berm",3,2,35,"625",8,"44734",75,5
"270","berm",3,1,36,"625",8,"44726",95,0
"271","berm",3,1,36,"625",8,"44730",81,1
"272","berm",3,1,36,"625",8,"44732",108,3
"273","berm",3,1,36,"625",8,"44733",125,4
"274","berm",3,1,36,"625",8,"44734",152,5
"275","berm",3,1,36,"625",8,"44735",164,6
"276","berm",3,1,36,"625",8,"44736",203,7
"277","berm",3,1,36,"625",8,"44739",240,10
"278","berm",3,1,36,"625",8,"44741",325,12
"279","berm",3,1,36,"625",8,"44747",560,18
"280","berm",3,1,36,"625",8,"44749",592,20
"281","berm",3,1,36,"625",8,"44751",640,22
"282","berm",3,1,36,"625",8,"44753",700,24
"283","berm",3,1,36,"625",8,"44765",980,36
"284","berm",3,3,37,"210",28,"44726",77,0
"285","berm",3,3,37,"210",28,"44732",74,3
"286","berm",3,3,37,"210",28,"44733",93,4
"287","berm",3,3,37,"210",28,"44734",109,5
"288","berm",3,3,37,"210",28,"44735",180,6
"289","berm",3,3,37,"210",28,"44736",161,7
"290","berm",3,3,37,"210",28,"44737",198,8
"291","berm",3,3,37,"210",28,"44739",228,10
"292","berm",3,3,37,"210",28,"44715",370,16
"293","berm",3,3,37,"210",28,"44751",530,22
"294","berm",3,3,37,"210",28,"44753",620,24
"295","berm",3,3,37,"210",28,"44759",795,30
"296","berm",3,3,37,"210",28,"44765",995,36
"297","berm",3,2,38,"210",28,"44726",77,0
"298","berm",3,2,38,"210",28,"44730",70,1
"299","berm",3,2,38,"210",28,"44732",115,3
"300","berm",3,2,38,"210",28,"44733",142,4
"301","berm",3,2,38,"210",28,"44734",151,5
"302","berm",3,2,38,"210",28,"44735",198,6
"303","berm",3,2,38,"210",28,"44736",228,7
"304","berm",3,2,38,"210",28,"44737",263,8
"305","berm",3,2,38,"210",28,"44739",300,10
"306","berm",3,2,38,"210",28,"44741",355,12
"307","berm",3,2,38,"210",28,"44743",485,14
"308","berm",3,2,38,"210",28,"44715",485,16
"309","berm",3,2,38,"210",28,"44747",610,18
"310","berm",3,2,38,"210",28,"44759",900,30
"311","berm",3,1,39,"210",28,"44730",71,4
"312","berm",3,1,39,"210",28,"44732",109,6
"313","berm",3,1,39,"210",28,"44733",127,7
"314","berm",3,1,39,"210",28,"44734",158,8
"315","berm",3,1,39,"210",28,"44735",189,9
"316","berm",3,1,39,"210",28,"44736",202,10
"317","berm",3,1,39,"210",28,"44737",247,11
"318","berm",3,1,39,"210",28,"44739",290,13
"319","berm",3,1,39,"210",28,"44741",318,15
"320","berm",3,1,39,"210",28,"44743",395,17
"321","berm",3,1,39,"210",28,"44715",458,19
"322","berm",3,1,39,"210",28,"44747",490,21
"323","berm",3,1,39,"210",28,"44751",550,25
"324","berm",3,1,39,"210",28,"44753",645,27
"325","berm",3,1,39,"210",28,"44759",710,33
"326","berm",2,1,40,"488",14,"44727",69,2
"327","berm",2,1,40,"488",14,"44732",118,6
"328","berm",2,1,40,"488",14,"44733",152,7
"329","berm",2,1,40,"488",14,"44759",800,33
"330","berm",2,2,41,"488",14,"44726",79,0
"331","berm",2,1,42,"618",96,"44726",77,0
"332","berm",2,1,42,"618",96,"44732",78,1
"333","berm",2,1,42,"618",96,"44733",81,2
"334","berm",2,1,42,"618",96,"44734",90,3
"335","berm",2,1,42,"618",96,"44735",115,4
"336","berm",2,1,42,"618",96,"44736",110,5
"337","berm",2,1,42,"618",96,"44737",156,6
"338","berm",2,1,42,"618",96,"44739",190,8
"339","berm",2,1,42,"618",96,"44753",730,22
"340","berm",2,2,43,"618",96,"44726",89,0
"341","berm",2,2,43,"618",96,"44732",58,1
"342","berm",2,2,43,"618",96,"44733",67,2
"343","berm",2,2,43,"618",96,"44734",65,3
"344","berm",2,2,43,"618",96,"44735",80,4
"345","berm",2,2,43,"618",96,"44736",90,5
"346","berm",2,2,43,"618",96,"44737",132,6
"347","berm",2,2,43,"618",96,"44739",128,8
"348","berm",2,2,43,"618",96,"44751",450,20
"349","berm",2,2,43,"618",96,"44759",650,28
"350","berm",3,2,44,"279",92,"44726",80,0
"351","berm",3,2,44,"279",92,"44737",97,2
"352","berm",3,2,44,"279",92,"44739",112,4
"353","berm",3,2,44,"279",92,"44741",88,6
"354","berm",3,2,44,"279",92,"44715",237,10
"355","berm",3,3,45,"279",92,"44726",81,0
"356","berm",3,3,45,"279",92,"44739",74,2
"357","berm",3,3,45,"279",92,"44741",57,4
"358","berm",3,3,45,"279",92,"44743",111,6
"359","berm",3,1,46,"279",92,"44726",83,0
"360","berm",3,1,46,"279",92,"44736",66,1
"361","berm",3,1,46,"279",92,"44737",103,2
"362","berm",3,1,46,"279",92,"44739",98,3
"363","berm",3,1,46,"279",92,"44741",125,5
"364","berm",3,1,46,"279",92,"44743",155,7
"365","berm",3,1,46,"279",92,"44715",212,9
"366","berm",3,1,46,"279",92,"44747",290,11
"367","berm",3,1,47,"225",21,"44726",79,0
"368","berm",3,1,47,"225",21,"44735",59,1
"369","berm",3,1,47,"225",21,"44736",65,2
"370","berm",3,1,47,"225",21,"44737",85,3
"371","berm",3,1,47,"225",21,"44739",106,5
"372","berm",3,1,47,"225",21,"44741",125,7
"373","berm",3,1,47,"225",21,"44715",298,11
"374","berm",3,1,47,"225",21,"44751",485,17
"375","berm",3,1,47,"225",21,"44753",490,19
"376","berm",3,2,48,"225",21,"44726",79,0
"377","berm",3,2,48,"225",21,"44736",62,2
"378","berm",3,2,48,"225",21,"44737",90,3
"379","berm",3,2,48,"225",21,"44739",88,5
"380","berm",3,2,48,"225",21,"44741",94,7
"381","berm",3,3,49,"225",21,"44726",84,0
"382","berm",3,3,49,"225",21,"44737",68,1
"383","berm",3,3,49,"225",21,"44739",67,3
"384","berm",3,3,49,"225",21,"44741",72,5
"385","berm",3,3,49,"225",21,"44743",120,7
"386","berm",3,3,49,"225",21,"44715",160,9
"387","berm",3,3,49,"225",21,"44747",200,11
"388","vegetation",3,3,53,"669",46,"44724",78,0
"389","vegetation",3,3,53,"669",46,"44730",85,2
"390","vegetation",3,3,53,"669",46,"44733",95,5
"391","vegetation",3,3,53,"669",46,"44759",800,31
"392","vegetation",3,2,54,"669",56,"44724",86,0
"393","vegetation",3,2,54,"669",56,"44730",95,4
"394","vegetation",3,2,54,"669",56,"44738",258,12
"395","vegetation",3,2,54,"669",56,"44740",362,14
"396","vegetation",3,2,54,"669",56,"44742",431,16
"397","vegetation",3,2,54,"669",56,"44744",605,18
"398","vegetation",3,2,54,"669",56,"44748",695,22
"399","vegetation",3,2,54,"669",56,"44750",775,24
"400","vegetation",3,2,54,"669",56,"44752",768,26
"401","vegetation",3,2,54,"669",56,"44759",885,33
"402","vegetation",3,1,55,"669",56,"44724",89,0
"403","vegetation",3,1,55,"669",56,"44730",130,5
"404","vegetation",3,1,55,"669",56,"44735",143,10
"405","vegetation",3,1,55,"669",56,"44740",480,15
"406","vegetation",3,1,55,"669",56,"44742",530,17
"407","vegetation",3,1,55,"669",56,"44746",715,21
"408","vegetation",3,1,56,"254",31,"44724",75,2
"409","vegetation",3,2,57,"254",31,"44724",72,1
"410","vegetation",3,1,59,"52",42,"44724",89,0
"411","vegetation",3,1,59,"52",42,"44730",72,2
"412","vegetation",3,1,59,"52",42,"44732",100,4
"413","vegetation",3,1,59,"52",42,"44734",99,6
"414","vegetation",3,1,59,"52",42,"44736",160,8
"415","vegetation",3,1,59,"52",42,"44739",248,11
"416","vegetation",3,1,59,"52",42,"44746",550,18
"417","vegetation",3,1,59,"52",42,"44759",900,31
"418","vegetation",3,2,60,"52",42,"44724",90,0
"419","vegetation",3,2,60,"52",42,"44730",69,1
"420","vegetation",3,2,60,"52",42,"44732",83,3
"421","vegetation",3,2,60,"52",42,"44733",80,4
"422","vegetation",3,2,60,"52",42,"44734",88,5
"423","vegetation",3,2,60,"52",42,"44735",131,6
"424","vegetation",3,2,60,"52",42,"44737",182,8
"425","vegetation",3,2,60,"52",42,"44739",228,10
"426","vegetation",3,2,60,"52",42,"44752",645,23
"427","vegetation",3,2,60,"52",42,"44754",690,25
"428","vegetation",3,3,61,"52",42,"44724",91,0
"429","vegetation",3,3,62,"3",35,"44734",76,2
"430","vegetation",3,3,62,"3",35,"44736",90,4
"431","vegetation",3,3,62,"3",35,"44737",110,5
"432","vegetation",3,3,62,"3",35,"44739",120,7
"433","vegetation",3,3,62,"3",35,"44750",400,18
"434","vegetation",3,2,63,"3",35,"44724",101,0
"435","vegetation",3,2,63,"3",35,"44732",81,1
"436","vegetation",3,2,63,"3",35,"44733",89,2
"437","vegetation",3,2,63,"3",35,"44734",106,3
"438","vegetation",3,2,63,"3",35,"44736",145,5
"439","vegetation",3,2,63,"3",35,"44737",176,6
"440","vegetation",3,2,63,"3",35,"44739",192,8
"441","vegetation",3,2,63,"3",35,"44740",212,9
"442","vegetation",3,2,63,"3",35,"44744",368,13
"443","vegetation",3,2,63,"3",35,"44750",525,19
"444","vegetation",3,1,64,"3",35,"44724",101,0
"445","vegetation",3,1,64,"3",35,"44732",81,3
"446","vegetation",3,1,64,"3",35,"44733",79,4
"447","vegetation",3,1,64,"3",35,"44734",99,5
"448","vegetation",3,1,64,"3",35,"44737",178,8
"449","vegetation",3,2,65,"165",20,"44724",82,0
"450","vegetation",3,2,65,"165",20,"44730",96,4
"451","vegetation",3,2,65,"165",20,"44734",169,8
"452","vegetation",3,2,65,"165",20,"44740",365,14
"453","vegetation",3,2,65,"165",20,"44742",425,16
"454","vegetation",3,2,65,"165",20,"44748",722,22
"455","vegetation",3,1,66,"165",20,"44724",83,0
"456","vegetation",3,1,66,"165",20,"44730",87,4
"457","vegetation",3,1,66,"165",20,"44734",145,8
"458","vegetation",3,1,66,"165",20,"44738",290,12
"459","vegetation",3,1,66,"165",20,"44740",380,14
"460","vegetation",3,3,67,"165",20,"44724",75,0
"461","vegetation",3,3,67,"165",20,"44730",56,1
"462","vegetation",3,3,67,"165",20,"44734",93,5
"463","vegetation",3,2,70,"746",24,"44724",95,0
"464","vegetation",3,2,70,"746",24,"44742",67,1
"465","vegetation",3,2,70,"746",24,"44743",73,2
"466","vegetation",3,2,70,"746",24,"44744",98,3
"467","vegetation",3,2,70,"746",24,"44746",107,5
"468","vegetation",3,2,70,"746",24,"44748",144,7
"469","vegetation",3,2,70,"746",24,"44749",121,8
"470","vegetation",3,2,70,"746",24,"44750",102,9
"471","vegetation",3,1,71,"746",24,"44724",100,0
"472","vegetation",3,1,71,"746",24,"44742",68,1
"473","vegetation",3,1,71,"746",24,"44743",76,2
"474","vegetation",3,1,71,"746",24,"44744",95,3
"475","vegetation",3,1,71,"746",24,"44746",107,5
"476","vegetation",3,1,71,"746",24,"44748",124,7
"477","vegetation",3,1,71,"746",24,"44749",131,8
"478","vegetation",3,1,71,"746",24,"44752",138,11
"479","vegetation",3,1,71,"746",24,"44753",131,12
"480","vegetation",3,1,71,"746",24,"44755",148,14
"481","vegetation",3,1,71,"746",24,"44759",259,18
"482","vegetation",3,3,72,"746",24,"44724",101,0
"483","vegetation",3,3,72,"746",24,"44743",62,1
"484","vegetation",3,3,72,"746",24,"44744",60,2
"485","vegetation",3,1,73,"721",NA,"44730",109,4
"486","vegetation",3,1,73,"721",NA,"44735",232,9
"487","vegetation",3,1,73,"721",NA,"44739",340,13
"488","vegetation",3,1,73,"721",NA,"44744",540,18
"489","vegetation",3,1,73,"721",NA,"44746",560,20
"490","vegetation",3,1,73,"721",NA,"44750",685,24
"491","vegetation",3,3,74,"721",NA,"44730",85,2
"492","vegetation",3,3,74,"721",NA,"44735",170,7
"493","vegetation",3,3,74,"721",NA,"44736",186,8
"494","vegetation",3,3,74,"721",NA,"44737",242,9
"495","vegetation",3,3,74,"721",NA,"44738",260,10
"496","vegetation",3,3,74,"721",NA,"44739",300,11
"497","vegetation",3,3,74,"721",NA,"44740",310,12
"498","vegetation",3,3,74,"721",NA,"44742",340,14
"499","vegetation",3,3,74,"721",NA,"44744",578,16
"500","vegetation",3,3,74,"721",NA,"44750",640,22
"501","vegetation",3,3,74,"721",NA,"44759",965,31
"502","vegetation",3,2,75,"721",NA,"44730",99,3
"503","vegetation",3,2,75,"721",NA,"44735",185,8
"504","vegetation",3,2,75,"721",NA,"44742",390,15
"505","vegetation",3,2,75,"721",NA,"44744",545,17
"506","meadow",3,3,76,"110",37,"44724",85,0
"507","meadow",3,1,77,"110",37,"44724",86,0
"508","meadow",3,1,77,"110",37,"44733",70,1
"509","meadow",3,1,77,"110",37,"44734",69,2
"510","meadow",3,1,77,"110",37,"44735",86,3
"511","meadow",3,1,77,"110",37,"44737",138,5
"512","meadow",3,1,77,"110",37,"44738",133,6
"513","meadow",3,1,77,"110",37,"44739",160,7
"514","meadow",3,1,77,"110",37,"44740",180,8
"515","meadow",3,1,77,"110",37,"44742",253,10
"516","meadow",3,1,77,"110",37,"44750",560,18
"517","meadow",3,2,78,"110",37,"44724",87,0
"518","meadow",3,2,78,"110",37,"44734",65,1
"519","meadow",3,2,78,"110",37,"44735",81,2
"520","meadow",3,2,78,"110",37,"44736",97,3
"521","meadow",3,2,78,"110",37,"44737",124,4
"522","meadow",3,2,78,"110",37,"44738",131,5
"523","meadow",3,2,78,"110",37,"44739",145,6
"524","meadow",3,2,78,"110",37,"44740",161,7
"525","meadow",3,2,78,"110",37,"44742",231,9
"526","meadow",3,2,78,"110",37,"44744",260,11
"527","meadow",3,2,78,"110",37,"44746",330,13
"528","meadow",3,2,78,"110",37,"44748",365,15
"529","meadow",3,2,78,"110",37,"44750",400,17
"530","meadow",3,2,78,"110",37,"44752",420,19
"531","meadow",3,2,78,"110",37,"44754",560,21
"532","meadow",3,2,78,"110",37,"44759",650,26
"533","vegetation",3,1,79,"737",15,"44724",69,1
"534","vegetation",3,1,79,"737",15,"44727",98,4
"535","vegetation",3,1,79,"737",15,"44728",116,5
"536","vegetation",3,1,79,"737",15,"44730",178,6
"537","vegetation",3,1,79,"737",15,"44739",548,15
"538","vegetation",3,1,79,"737",15,"44740",420,16
"539","vegetation",3,1,79,"737",15,"44746",865,22
"540","vegetation",3,1,79,"737",15,"44754",850,30
"541","vegetation",3,2,80,"737",15,"44724",82,0
"542","vegetation",3,2,80,"737",15,"44727",50,1
"543","vegetation",3,2,80,"737",15,"44728",76,2
"544","vegetation",3,2,80,"737",15,"44730",106,3
"545","vegetation",3,2,80,"737",15,"44733",191,6
"546","vegetation",3,2,80,"737",15,"44734",215,7
"547","vegetation",3,2,80,"737",15,"44736",298,9
"548","vegetation",3,2,80,"737",15,"44737",315,10
"549","vegetation",3,2,80,"737",15,"44738",375,11
"550","vegetation",3,2,80,"737",15,"44740",610,13
"551","vegetation",3,2,80,"737",15,"44744",658,17
"552","vegetation",3,2,80,"737",15,"44746",688,19
"553","vegetation",3,2,80,"737",15,"44748",790,21
"554","vegetation",3,2,80,"737",15,"44754",1000,27
"555","vegetation",3,3,81,"737",15,"44724",87,0
"556","vegetation",3,2,82,"726",18,"44724",94,0
"557","vegetation",3,2,82,"726",18,"44728",72,1
"558","vegetation",3,2,82,"726",18,"44730",121,2
"559","vegetation",3,2,82,"726",18,"44734",235,6
"560","vegetation",3,2,82,"726",18,"44736",245,8
"561","vegetation",3,2,82,"726",18,"44742",461,14
"562","vegetation",3,1,83,"726",18,"44724",89,0
"563","vegetation",3,1,83,"726",18,"44726",75,1
"564","vegetation",3,1,83,"726",18,"44727",78,2
"565","vegetation",3,1,83,"726",18,"44728",78,3
"566","vegetation",3,1,83,"726",18,"44730",113,4
"567","vegetation",3,1,83,"726",18,"44733",182,7
"568","vegetation",3,1,83,"726",18,"44734",210,8
"569","vegetation",3,1,83,"726",18,"44735",249,9
"570","vegetation",3,1,83,"726",18,"44738",243,12
"571","vegetation",3,1,83,"726",18,"44750",700,24
"572","vegetation",3,1,83,"726",18,"44754",685,28
"573","vegetation",3,3,84,"726",18,"44724",90,0
"574","vegetation",3,3,84,"726",18,"44730",65,1
"575","vegetation",3,3,84,"726",18,"44732",68,3
"576","vegetation",3,3,84,"726",18,"44734",150,5
"577","vegetation",3,3,84,"726",18,"44735",110,6
"578","vegetation",3,3,85,"394",38,"44724",78,0
"579","vegetation",3,3,85,"394",38,"44732",63,1
"580","vegetation",3,3,85,"394",38,"44733",65,2
"581","vegetation",3,1,86,"394",38,"44724",79,0
"582","vegetation",3,1,86,"394",38,"44730",62,1
"583","vegetation",3,1,86,"394",38,"44733",121,4
"584","vegetation",3,1,86,"394",38,"44754",745,25
"585","vegetation",3,2,87,"394",38,"44724",82,0
"586","vegetation",3,2,87,"394",38,"44730",60,1
"587","meadow",3,2,91,"109",13,"44724",68,1
"588","meadow",3,2,91,"109",13,"44726",90,3
"589","meadow",3,2,91,"109",13,"44727",105,4
"590","meadow",3,2,91,"109",13,"44728",135,5
"591","meadow",3,2,91,"109",13,"44730",184,6
"592","meadow",3,2,91,"109",13,"44732",164,8
"593","meadow",3,2,91,"109",13,"44733",350,9
"594","meadow",3,2,91,"109",13,"44734",380,10
"595","meadow",3,2,91,"109",13,"44735",465,11
"596","meadow",3,2,91,"109",13,"44737",505,13
"597","meadow",3,2,91,"109",13,"44738",491,14
"598","meadow",3,2,91,"109",13,"44739",520,15
"599","meadow",3,2,91,"109",13,"44740",520,16
"600","meadow",3,2,91,"109",13,"44742",520,18
"601","meadow",3,2,91,"109",13,"44744",512,20
"602","meadow",3,2,91,"109",13,"44746",570,22
"603","meadow",3,2,91,"109",13,"44748",692,24
"604","meadow",3,2,91,"109",13,"44750",765,26
"605","meadow",3,2,91,"109",13,"44752",808,28
"606","meadow",3,2,91,"109",13,"44759",1003,35
"607","meadow",3,1,92,"109",13,"44724",66,1
"608","meadow",3,1,92,"109",13,"44726",97,3
"609","meadow",3,1,92,"109",13,"44727",103,4
"610","meadow",3,1,92,"109",13,"44728",124,5
"611","meadow",3,1,92,"109",13,"44730",191,6
"612","meadow",3,1,92,"109",13,"44732",266,8
"613","meadow",3,1,92,"109",13,"44734",305,10
"614","meadow",3,1,92,"109",13,"44739",530,15
"615","meadow",3,1,92,"109",13,"44748",530,24
"616","meadow",3,1,92,"109",13,"44754",750,30
"617","meadow",3,3,93,"109",13,"44726",80,1
"618","meadow",3,3,93,"109",13,"44727",82,2
"619","meadow",3,3,93,"109",13,"44728",64,3
"620","meadow",3,3,93,"109",13,"44730",145,5
"621","meadow",3,3,93,"109",13,"44734",279,9
"622","meadow",3,3,93,"109",13,"44735",305,10
"623","meadow",3,3,93,"109",13,"44750",448,25
"624","meadow",3,3,94,"341",16,"44723",155,3
"625","meadow",3,3,94,"341",16,"44724",197,4
"626","meadow",3,3,94,"341",16,"44726",230,6
"627","meadow",3,3,94,"341",16,"44727",265,7
"628","meadow",3,3,94,"341",16,"44728",327,8
"629","meadow",3,3,94,"341",16,"44730",425,10
"630","meadow",3,3,94,"341",16,"44732",525,12
"631","meadow",3,3,94,"341",16,"44733",550,13
"632","meadow",3,3,94,"341",16,"44734",555,14
"633","meadow",3,3,94,"341",16,"44735",570,15
"634","meadow",3,3,94,"341",16,"44738",680,18
"635","meadow",3,3,94,"341",16,"44739",690,19
"636","meadow",3,3,94,"341",16,"44740",695,20
"637","meadow",3,3,94,"341",16,"44742",790,22
"638","meadow",3,3,94,"341",16,"44744",800,24
"639","meadow",3,3,94,"341",16,"44752",1002,32
"640","meadow",3,3,94,"341",16,"44754",1010,34
"641","meadow",3,3,94,"341",16,"44759",1010,39
"642","meadow",3,2,95,"341",16,"44723",205,4
"643","meadow",3,2,95,"341",16,"44727",315,8
"644","meadow",3,2,95,"341",16,"44730",470,11
"645","meadow",3,2,95,"341",16,"44732",550,13
"646","meadow",3,2,95,"341",16,"44736",665,17
"647","meadow",3,2,95,"341",16,"44746",920,27
"648","meadow",3,2,95,"341",16,"44754",830,35
"649","meadow",3,2,95,"341",16,"44759",920,40
"650","meadow",3,1,96,"341",16,"44723",215,5
"651","meadow",3,1,96,"341",16,"44724",246,6
"652","meadow",3,1,96,"341",16,"44726",320,8
"653","meadow",3,1,96,"341",16,"44728",400,10
"654","meadow",3,1,96,"341",16,"44730",440,12
"655","meadow",3,1,96,"341",16,"44739",700,21
"656","meadow",3,1,96,"341",16,"44746",900,28
"657","meadow",3,1,96,"341",16,"44748",960,30
"658","meadow",3,1,96,"341",16,"44754",890,36
"659","meadow",3,1,96,"341",16,"44759",950,41
"660","meadow",3,1,97,"679",54,"44726",68,3
"661","meadow",3,1,97,"679",54,"44727",51,4
"662","meadow",3,1,97,"679",54,"44728",95,5
"663","meadow",3,1,97,"679",54,"44730",138,7
"664","meadow",3,1,97,"679",54,"44732",171,9
"665","meadow",3,1,97,"679",54,"44736",320,13
"666","meadow",3,1,97,"679",54,"44738",380,15
"667","meadow",3,1,97,"679",54,"44740",440,17
"668","meadow",3,1,97,"679",54,"44744",565,21
"669","meadow",3,1,97,"679",54,"44746",640,23
"670","meadow",3,1,97,"679",54,"44748",680,25
"671","meadow",3,1,97,"679",54,"44750",735,27
"672","meadow",3,1,97,"679",54,"44752",730,29
"673","meadow",3,NA,98,"679",54,"44724",89,0
"674","meadow",3,NA,99,"679",54,"44724",79,0
"675","vegetation",3,1,100,"407",94,"44726",67,1
"676","vegetation",3,1,100,"407",94,"44728",83,2
"677","vegetation",3,NA,101,"407",94,"44724",84,0
"678","vegetation",3,NA,102,"407",94,"44724",83,0
"679","vegetation",3,3,103,"429",85,"44723",60,1
"680","vegetation",3,3,103,"429",85,"44724",76,2
"681","vegetation",3,3,103,"429",85,"44728",150,6
"682","vegetation",3,3,103,"429",85,"44735",407,13
"683","vegetation",3,3,103,"429",85,"44740",610,18
"684","vegetation",3,3,103,"429",85,"44742",730,20
"685","vegetation",3,3,103,"429",85,"44748",890,26
"686","vegetation",3,2,104,"429",85,"44723",85,2
"687","vegetation",3,2,104,"429",85,"44724",106,3
"688","vegetation",3,2,104,"429",85,"44727",197,6
"689","vegetation",3,2,104,"429",85,"44744",960,23
"690","vegetation",3,1,105,"429",85,"44723",100,2
"691","vegetation",3,1,105,"429",85,"44724",146,3
"692","vegetation",3,1,105,"429",85,"44730",322,9
"693","vegetation",3,1,105,"429",85,"44732",405,11
"694","vegetation",3,1,105,"429",85,"44735",455,14
"695","vegetation",3,1,105,"429",85,"44739",620,18
"696","vegetation",3,1,105,"429",85,"44740",650,19
"697","vegetation",3,1,105,"429",85,"44742",720,21
"698","vegetation",3,1,105,"429",85,"44744",780,23
"699","vegetation",3,2,106,"478",27,"44727",81,2
"700","vegetation",3,2,106,"478",27,"44728",95,3
"701","vegetation",3,2,106,"478",27,"44730",131,5
"702","vegetation",3,2,106,"478",27,"44732",190,7
"703","vegetation",3,2,106,"478",27,"44733",220,8
"704","vegetation",3,2,106,"478",27,"44735",262,10
"705","vegetation",3,2,106,"478",27,"44736",345,11
"706","vegetation",3,2,106,"478",27,"44737",330,12
"707","vegetation",3,2,106,"478",27,"44740",415,15
"708","vegetation",3,2,106,"478",27,"44744",550,19
"709","vegetation",3,2,106,"478",27,"44746",650,21
"710","vegetation",3,2,106,"478",27,"44748",685,23
"711","vegetation",3,2,106,"478",27,"44754",840,29
"712","vegetation",3,3,107,"478",27,"44724",89,0
"713","vegetation",3,3,107,"478",27,"44727",67,1
"714","vegetation",3,3,107,"478",27,"44728",68,2
"715","vegetation",3,3,107,"478",27,"44735",120,9
"716","vegetation",3,3,107,"478",27,"44738",192,12
"717","vegetation",3,3,107,"478",27,"44742",290,16
"718","vegetation",3,3,107,"478",27,"44748",470,22
"719","vegetation",3,3,107,"478",27,"44754",459,28
"720","vegetation",3,1,108,"478",27,"44726",80,2
"721","vegetation",3,1,108,"478",27,"44727",90,3
"722","vegetation",3,1,108,"478",27,"44728",97,4
"723","vegetation",3,1,108,"478",27,"44730",142,6
"724","vegetation",3,1,108,"478",27,"44732",185,8
"725","vegetation",3,1,108,"478",27,"44734",218,10
"726","vegetation",3,1,108,"478",27,"44737",310,13
"727","vegetation",3,1,108,"478",27,"44744",520,20
"728","vegetation",3,1,108,"478",27,"44746",610,22
"729","vegetation",3,1,108,"478",27,"44748",660,24
"730","vegetation",3,1,108,"478",27,"44759",990,35
"731","vegetation",3,2,109,"444",39,"44724",68,2
"732","vegetation",3,2,109,"444",39,"44726",92,4
"733","vegetation",3,2,109,"444",39,"44727",108,5
"734","vegetation",3,2,109,"444",39,"44733",240,11
"735","vegetation",3,2,109,"444",39,"44735",315,13
"736","vegetation",3,2,109,"444",39,"44736",375,14
"737","vegetation",3,2,109,"444",39,"44737",380,15
"738","vegetation",3,2,109,"444",39,"44738",399,16
"739","vegetation",3,2,109,"444",39,"44740",470,18
"740","vegetation",3,2,109,"444",39,"44742",528,20
"741","vegetation",3,2,109,"444",39,"44754",780,32
"742","vegetation",3,1,110,"444",39,"44724",71,1
"743","vegetation",3,1,110,"444",39,"44726",89,3
"744","vegetation",3,1,110,"444",39,"44730",159,7
"745","vegetation",3,1,110,"444",39,"44733",270,10
"746","vegetation",3,1,110,"444",39,"44734",268,11
"747","vegetation",3,3,111,"444",39,"44726",67,1
"748","vegetation",3,3,111,"444",39,"44727",71,2
"749","vegetation",3,3,111,"444",39,"44730",122,5
"750","vegetation",3,3,111,"444",39,"44734",298,9
"751","vegetation",3,3,111,"444",39,"44735",244,10
"752","vegetation",3,3,111,"444",39,"44736",254,11
"753","vegetation",3,3,111,"444",39,"44738",300,13
"754","vegetation",3,3,111,"444",39,"44740",334,15
"755","vegetation",3,3,111,"444",39,"44744",450,19
"756","vegetation",3,3,111,"444",39,"44746",520,21
"757","vegetation",3,3,111,"444",39,"44750",590,25
"758","vegetation",3,1,112,"242",11,"44723",100,2
"759","vegetation",3,1,112,"242",11,"44724",134,3
"760","vegetation",3,1,112,"242",11,"44726",169,5
"761","vegetation",3,1,112,"242",11,"44740",700,19
"762","vegetation",3,2,113,"242",11,"44723",90,1
"763","vegetation",3,2,113,"242",11,"44726",168,4
"764","vegetation",3,2,113,"242",11,"44732",400,10
"765","vegetation",3,2,113,"242",11,"44744",850,22
"766","vegetation",3,3,114,"242",11,"44723",60,1
"767","vegetation",3,3,114,"242",11,"44724",68,2
"768","vegetation",3,3,114,"242",11,"44733",155,11
"769","vegetation",3,3,114,"242",11,"44737",250,15
"770","vegetation",3,3,114,"242",11,"44740",340,18
"771","vegetation",3,3,114,"242",11,"44742",420,20
"772","vegetation",3,3,115,"519",51,"44724",100,0
"773","vegetation",3,3,115,"519",51,"44733",67,1
"774","vegetation",3,3,115,"519",51,"44734",75,2
"775","vegetation",3,3,115,"519",51,"44735",68,3
"776","vegetation",3,1,116,"519",51,"44724",88,0
"777","vegetation",3,1,116,"519",51,"44730",75,1
"778","vegetation",3,1,116,"519",51,"44732",92,3
"779","vegetation",3,1,116,"519",51,"44734",132,5
"780","vegetation",3,1,116,"519",51,"44746",460,17
"781","vegetation",3,1,116,"519",51,"44750",520,21
"782","vegetation",3,1,116,"519",51,"44754",685,25
"783","vegetation",3,1,116,"519",51,"44759",902,30
"784","vegetation",3,2,117,"519",51,"44724",98,NA
"785","vegetation",3,2,117,"519",51,"44732",88,2
"786","vegetation",3,2,117,"519",51,"44733",103,3
"787","vegetation",3,2,117,"519",51,"44734",120,4
"788","vegetation",3,2,117,"519",51,"44735",116,5
"789","meadow",3,1,118,"95",NA,"44730",95,NA
"790","meadow",3,1,118,"95",NA,"44735",200,NA
"791","meadow",NA,3,119,"95",NA,"44730",72,2
"792","meadow",NA,3,119,"95",NA,"44733",93,5
"793","meadow",NA,3,119,"95",NA,"44734",120,6
"794","meadow",NA,3,119,"95",NA,"44735",192,7
"795","meadow",NA,3,119,"95",NA,"44738",270,10
"796","meadow",NA,3,119,"95",NA,"44742",420,14
"797","meadow",NA,3,119,"95",NA,"44748",635,20
"798","meadow",NA,3,119,"95",NA,"44752",688,24
"799","meadow",NA,3,119,"95",NA,"44754",760,26
"800","meadow",NA,2,120,"95",NA,"44730",88,3
"801","meadow",NA,2,120,"95",NA,"44733",149,6
"802","meadow",NA,2,120,"95",NA,"44734",180,7
"803","meadow",NA,2,120,"95",NA,"44736",150,9
"804","meadow",NA,2,120,"95",NA,"44738",180,11
"805","meadow",NA,2,120,"95",NA,"44742",305,15
"806","meadow",NA,2,121,"35/53",NA,"44723",82,NA
"807","meadow",NA,2,121,"35/53",NA,"44724",82,NA
"808","meadow",NA,2,121,"35/53",NA,"44730",71,NA
"809","meadow",NA,2,121,"35/53",NA,"44734",140,NA
"810","meadow",NA,2,121,"35/53",NA,"44736",160,NA
"811","meadow",NA,2,121,"35/53",NA,"44742",325,NA
"812","meadow",NA,2,121,"35/53",NA,"44744",390,NA
"813","meadow",NA,2,121,"35/53",NA,"44746",428,NA
"814","meadow",NA,2,121,"35/53",NA,"44748",490,NA
"815","meadow",NA,2,121,"35/53",NA,"44750",670,NA
"816","meadow",NA,2,121,"35/53",NA,"44759",850,NA
"817","meadow",NA,1,122,"25/53",NA,"44724",89,NA
"818","meadow",2,2,123,"NA",72,"44724",88,0
"819","meadow",2,2,123,"NA",72,"44734",69,1
"820","meadow",2,2,123,"NA",72,"44735",72,2
"821","meadow",2,2,123,"NA",72,"44736",78,3
"822","meadow",2,2,123,"NA",72,"44737",116,4
"823","meadow",2,2,123,"NA",72,"44738",99,5
"824","meadow",2,2,123,"NA",72,"44740",98,7
"825","meadow",2,2,123,"NA",72,"44742",132,9
"826","meadow",2,2,123,"NA",72,"44750",380,17
"827","meadow",2,2,123,"NA",72,"44754",399,21
"828","meadow",2,2,123,"NA",72,"44765",770,32
"829","meadow",2,1,124,"NA",72,"44724",86,0
"830","meadow",2,1,124,"NA",72,"44736",83,1
"831","meadow",2,1,124,"NA",72,"44737",110,2
"832","meadow",2,1,124,"NA",72,"44738",87,3
"833","meadow",2,1,124,"NA",72,"44740",80,5
"834","meadow",2,1,124,"NA",72,"44742",105,7
"835","meadow",2,1,124,"NA",72,"44744",150,9
"836","meadow",2,1,124,"NA",72,"44746",210,11
"837","meadow",2,1,124,"NA",72,"44748",270,13
"838","meadow",2,1,124,"NA",72,"44750",350,15
"839","meadow",2,1,124,"NA",72,"44754",360,19
"840","meadow",2,1,124,"NA",72,"44759",650,24
"841","meadow",2,NA,125,"NA",72,"44724",93,0
"842","meadow",NA,2,126,"269",NA,"44737",435,NA
"843","meadow",NA,2,126,"269",NA,"44738",528,NA
"844","meadow",NA,2,126,"269",NA,"44740",525,NA
"845","meadow",NA,2,126,"269",NA,"44741",520,NA
"846","meadow",NA,2,126,"269",NA,"44743",670,NA
"847","meadow",NA,2,126,"269",NA,"44715",710,NA
"848","meadow",NA,2,126,"269",NA,"44749",845,NA
"849","meadow",NA,2,126,"269",NA,"44751",920,NA
"850","meadow",NA,2,126,"269",NA,"44753",840,NA
"851","meadow",NA,2,126,"269",NA,"44755",915,NA
"852","meadow",NA,2,126,"269",NA,"44765",1030,NA
"853","meadow",NA,3,127,"269",NA,"44737",480,NA
"854","meadow",NA,3,127,"269",NA,"44738",505,NA
"855","meadow",NA,3,127,"269",NA,"44740",560,NA
"856","meadow",NA,3,127,"269",NA,"44741",570,NA
"857","meadow",NA,3,127,"269",NA,"44743",708,NA
"858","meadow",NA,3,127,"269",NA,"44715",710,NA
"859","meadow",NA,3,127,"269",NA,"44749",808,NA
"860","meadow",NA,3,127,"269",NA,"44751",845,NA
"861","meadow",NA,3,127,"269",NA,"44753",840,NA
"862","meadow",NA,1,128,"269",NA,"44738",536,NA
"863","meadow",NA,1,128,"269",NA,"44740",645,NA
"864","meadow",NA,1,128,"269",NA,"44741",660,NA
"865","meadow",NA,1,128,"269",NA,"44743",699,NA
"866","meadow",NA,1,128,"269",NA,"44751",980,NA
"867","meadow",2,2,129,"549",100,"44724",78,0
"868","meadow",2,2,129,"549",100,"44741",50,1
"869","meadow",2,1,130,"549",100,"44724",82,NA
"870","meadow",2,1,130,"549",100,"44737",86,2
"871","meadow",2,1,130,"549",100,"44738",70,3
"872","meadow",2,1,130,"549",100,"44741",78,6
"873","meadow",3,2,131,"524",59,"44724",82,NA
"874","meadow",3,2,131,"524",59,"44728",64,2
"875","meadow",3,2,131,"524",59,"44730",80,4
"876","meadow",3,2,131,"524",59,"44732",117,6
"877","meadow",3,2,131,"524",59,"44733",149,7
"878","meadow",3,2,131,"524",59,"44734",171,8
"879","meadow",3,2,131,"524",59,"44735",202,9
"880","meadow",3,2,131,"524",59,"44736",243,10
"881","meadow",3,2,131,"524",59,"44737",250,11
"882","meadow",3,2,131,"524",59,"44738",295,12
"883","meadow",3,2,131,"524",59,"44740",370,14
"884","meadow",3,2,131,"524",59,"44741",390,15
"885","meadow",3,2,131,"524",59,"44743",470,17
"886","meadow",3,2,131,"524",59,"44715",450,19
"887","meadow",3,2,131,"524",59,"44747",480,21
"888","meadow",3,2,131,"524",59,"44751",500,25
"889","meadow",3,2,131,"524",59,"44753",385,27
"890","meadow",3,2,131,"524",59,"44759",585,33
"891","meadow",3,1,132,"524",59,"44724",72,NA
"892","meadow",3,1,132,"524",59,"44728",64,2
"893","meadow",3,1,132,"524",59,"44730",94,4
"894","meadow",3,1,132,"524",59,"44732",135,6
"895","meadow",3,1,132,"524",59,"44733",162,7
"896","meadow",3,1,132,"524",59,"44734",203,8
"897","meadow",3,1,132,"524",59,"44735",227,9
"898","meadow",3,1,132,"524",59,"44736",283,10
"899","meadow",3,1,132,"524",59,"44737",295,11
"900","meadow",3,1,132,"524",59,"44738",345,12
"901","meadow",3,1,132,"524",59,"44740",420,14
"902","meadow",3,1,132,"524",59,"44741",470,15
"903","meadow",3,1,132,"524",59,"44747",659,21
"904","meadow",3,1,132,"524",59,"44749",772,23
"905","meadow",3,1,132,"524",59,"44751",800,25
"906","meadow",3,1,132,"524",59,"44753",710,27
"907","meadow",3,1,132,"524",59,"44755",815,29
"908","meadow",3,3,133,"524",59,"44724",85,NA
"909","meadow",3,3,133,"524",59,"44730",64,1
"910","meadow",3,3,133,"524",59,"44732",80,3
"911","meadow",3,3,133,"524",59,"44733",103,4
"912","meadow",3,3,133,"524",59,"44734",119,5
"913","meadow",3,3,133,"524",59,"44735",139,6
"914","meadow",3,3,133,"524",59,"44736",187,7
"915","meadow",3,3,133,"524",59,"44738",240,9
"916","meadow",3,3,133,"524",59,"44740",301,11
"917","meadow",3,3,133,"524",59,"44747",620,18
"918","meadow",3,3,133,"524",59,"44753",665,24
"919","meadow",3,3,133,"524",59,"44759",1005,30
"920","meadow",3,NA,134,"358",5,"44724",91,NA
"921","meadow",3,NA,135,"358",NA,"44724",87,0
"922","meadow",3,NA,136,"358",NA,"44724",92,0
"923","meadow",3,2,137,"573",56,"44724",88,NA
"924","meadow",3,2,137,"573",56,"44736",68,1
"925","meadow",3,2,137,"573",56,"44737",107,2
"926","meadow",3,2,137,"573",56,"44738",90,3
"927","meadow",3,2,137,"573",56,"44740",146,5
"928","meadow",3,2,137,"573",56,"44741",162,6
"929","meadow",3,2,137,"573",56,"44715",230,10
"930","meadow",3,2,137,"573",56,"44751",460,16
"931","meadow",3,2,137,"573",56,"44753",471,18
"932","meadow",3,2,137,"573",56,"44755",640,20
"933","meadow",3,2,137,"573",56,"44759",680,24
"934","meadow",3,3,138,"573",56,"44724",90,NA
"935","meadow",3,3,138,"573",56,"44736",69,1
"936","meadow",3,3,138,"573",56,"44737",104,2
"937","meadow",3,3,138,"573",56,"44738",95,3
"938","meadow",3,3,138,"573",56,"44741",165,6
"939","meadow",3,3,138,"573",56,"44743",255,8
"940","meadow",3,3,138,"573",56,"44715",255,10
"941","meadow",3,3,138,"573",56,"44747",550,12
"942","meadow",3,3,138,"573",56,"44753",490,18
"943","meadow",3,3,138,"573",56,"44765",805,30
"944","meadow",3,1,139,"573",56,"44724",86,NA
"945","meadow",3,1,139,"573",56,"44736",61,1
"946","meadow",3,1,139,"573",56,"44737",87,2
"947","meadow",3,1,139,"573",56,"44738",80,3
"948","meadow",3,1,139,"573",56,"44740",112,5
"949","meadow",3,1,139,"573",56,"44741",148,6
"950","meadow",3,1,139,"573",56,"44715",210,10
"951","meadow",3,1,139,"573",56,"44753",445,18
"952","meadow",3,1,139,"573",56,"44759",690,24
"953","meadow",3,1,140,"308",9,"44726",79,3
"954","meadow",3,1,140,"308",9,"44727",99,4
"955","meadow",3,1,140,"308",9,"44728",120,5
"956","meadow",3,1,140,"308",9,"44730",175,6
"957","meadow",3,1,140,"308",9,"44732",255,8
"958","meadow",3,1,140,"308",9,"44733",270,9
"959","meadow",3,1,140,"308",9,"44734",307,10
"960","meadow",3,1,140,"308",9,"44735",322,11
"961","meadow",3,1,140,"308",9,"44736",410,12
"962","meadow",3,1,140,"308",9,"44737",415,13
"963","meadow",3,1,140,"308",9,"44738",460,14
"964","meadow",3,1,140,"308",9,"44740",520,16
"965","meadow",3,1,140,"308",9,"44741",565,17
"966","meadow",3,1,140,"308",9,"44715",685,21
"967","meadow",3,1,140,"308",9,"44747",691,23
"968","meadow",3,1,140,"308",9,"44751",785,27
"969","meadow",3,1,140,"308",9,"44753",715,29
"970","meadow",3,1,140,"308",9,"44755",915,31
"971","meadow",3,2,141,"308",9,"44726",71,1
"972","meadow",3,2,141,"308",9,"44728",102,3
"973","meadow",3,2,141,"308",9,"44732",230,6
"974","meadow",3,2,141,"308",9,"44733",255,7
"975","meadow",3,2,141,"308",9,"44734",310,8
"976","meadow",3,2,141,"308",9,"44735",330,9
"977","meadow",3,2,141,"308",9,"44736",370,10
"978","meadow",3,2,141,"308",9,"44737",405,11
"979","meadow",3,2,141,"308",9,"44738",410,12
"980","meadow",3,2,141,"308",9,"44740",500,14
"981","meadow",3,2,141,"308",9,"44741",539,15
"982","meadow",3,2,141,"308",9,"44715",715,19
"983","meadow",3,3,142,"308",9,"44724",80,NA
"984","meadow",3,3,142,"308",9,"44727",62,1
"985","meadow",3,3,142,"308",9,"44728",68,2
"986","meadow",3,3,142,"308",9,"44730",85,4
"987","meadow",3,3,142,"308",9,"44732",140,6
"988","meadow",3,3,142,"308",9,"44733",151,7
"989","meadow",3,3,142,"308",9,"44735",200,9
"990","meadow",3,3,142,"308",9,"44736",245,10
"991","meadow",3,3,142,"308",9,"44740",345,14
"992","meadow",3,3,142,"308",9,"44743",415,17
"993","meadow",3,3,142,"308",9,"44749",541,23
"994","meadow",3,3,142,"308",9,"44753",685,27
"995","meadow",3,3,143,"422",68,"44724",81,0
"996","meadow",3,3,143,"422",68,"44730",102,1
"997","meadow",3,3,143,"422",68,"44732",156,3
"998","meadow",3,3,143,"422",68,"44736",250,7
"999","meadow",3,3,143,"422",68,"44741",415,12
"1000","meadow",3,2,144,"422",68,"44724",83,0
"1001","meadow",3,2,144,"422",68,"44728",72,2
"1002","meadow",3,2,144,"422",68,"44730",71,4
"1003","meadow",3,2,144,"422",68,"44734",127,8
"1004","meadow",3,2,144,"422",68,"44735",135,9
"1005","meadow",3,2,144,"422",68,"44736",147,10
"1006","meadow",3,2,144,"422",68,"44737",210,11
"1007","meadow",3,2,144,"422",68,"44740",268,14
"1008","meadow",3,2,144,"422",68,"44715",359,19
"1009","meadow",3,2,144,"422",68,"44747",482,21
"1010","meadow",3,2,144,"422",68,"44755",660,29
"1011","meadow",3,2,144,"422",68,"44759",830,33
"1012","meadow",3,1,145,"422",68,"44724",84,0
"1013","meadow",3,1,145,"422",68,"44728",75,2
"1014","meadow",3,1,145,"422",68,"44730",95,4
"1015","meadow",3,1,145,"422",68,"44732",155,6
"1016","meadow",3,1,145,"422",68,"44735",210,9
"1017","meadow",3,1,145,"422",68,"44736",238,10
"1018","meadow",3,1,145,"422",68,"44740",390,14
"1019","meadow",3,1,145,"422",68,"44741",428,15
"1020","meadow",3,1,145,"422",68,"44751",740,25
"1021","meadow",3,1,145,"422",68,"44765",890,39
"1022","meadow",3,1,146,"635",49,"44726",79,3
"1023","meadow",3,1,146,"635",49,"44727",89,4
"1024","meadow",3,1,146,"635",49,"44728",101,5
"1025","meadow",3,1,146,"635",49,"44730",149,7
"1026","meadow",3,1,146,"635",49,"44734",235,11
"1027","meadow",3,1,146,"635",49,"44736",270,13
"1028","meadow",3,1,146,"635",49,"44737",339,14
"1029","meadow",3,1,146,"635",49,"44715",615,22
"1030","meadow",3,1,146,"635",49,"44747",720,24
"1031","meadow",3,1,146,"635",49,"44755",899,32
"1032","meadow",3,3,147,"635",49,"44724",88,0
"1033","meadow",3,3,147,"635",49,"44727",80,2
"1034","meadow",3,2,148,"635",49,"44724",81,0
"1035","meadow",3,2,148,"635",49,"44730",75,3
"1036","meadow",3,2,148,"635",49,"44733",116,6
"1037","meadow",3,2,148,"635",49,"44734",205,7
"1038","meadow",3,2,148,"635",49,"44737",285,10
"1039","meadow",3,2,148,"635",49,"44747",660,20
"1040","meadow",3,2,148,"635",49,"44755",765,28
"1041","meadow",3,1,149,"525",NA,"44726",89,2
"1042","meadow",3,1,149,"525",NA,"44730",195,6
"1043","meadow",3,1,149,"525",NA,"44732",265,8
"1044","meadow",3,1,149,"525",NA,"44733",310,9
"1045","meadow",3,1,149,"525",NA,"44734",320,10
"1046","meadow",3,1,149,"525",NA,"44736",439,12
"1047","meadow",3,1,149,"525",NA,"44738",492,14
"1048","meadow",3,1,149,"525",NA,"44740",580,16
"1049","meadow",3,1,149,"525",NA,"44749",861,25
"1050","meadow",3,1,149,"525",NA,"44751",890,27
"1051","meadow",3,1,149,"525",NA,"44753",885,29
"1052","meadow",3,2,150,"525",NA,"44726",84,1
"1053","meadow",3,2,150,"525",NA,"44727",103,2
"1054","meadow",3,2,150,"525",NA,"44730",198,5
"1055","meadow",3,2,150,"525",NA,"44732",273,7
"1056","meadow",3,2,150,"525",NA,"44733",303,8
"1057","meadow",3,2,150,"525",NA,"44734",345,9
"1058","meadow",3,2,150,"525",NA,"44735",355,10
"1059","meadow",3,2,150,"525",NA,"44736",407,11
"1060","meadow",3,2,150,"525",NA,"44737",495,12
"1061","meadow",3,2,150,"525",NA,"44751",780,26
"1062","meadow",3,2,150,"525",NA,"44755",1002,30
"1063","meadow",3,2,150,"525",NA,"44765",1216,40
"1064","meadow",3,1,152,"650",76,"44724",75,0
"1065","meadow",3,1,152,"650",76,"44733",57,1
"1066","meadow",3,1,152,"650",76,"44734",60,2
"1067","meadow",3,1,152,"650",76,"44735",68,3
"1068","meadow",3,1,152,"650",76,"44737",134,5
"1069","meadow",3,1,152,"650",76,"44747",340,15
"1070","meadow",3,NA,153,"650",76,"44724",74,0
"1071","meadow",3,NA,154,"650",76,"44724",76,NA
"1072","meadow",3,1,155,"553",84,"44724",76,NA
"1073","meadow",3,1,155,"553",84,"44732",73,1
"1074","meadow",3,1,155,"553",84,"44734",97,3
"1075","meadow",3,1,155,"553",84,"44747",390,16
"1076","meadow",3,1,155,"553",84,"44751",520,20
"1077","meadow",3,1,155,"553",84,"44765",885,34
"1078","meadow",3,2,156,"553",84,"44724",72,NA
"1079","meadow",3,2,156,"553",84,"44732",71,1
"1080","meadow",3,2,156,"553",84,"44733",68,2
"1081","meadow",3,2,156,"553",84,"44751",455,20
"1082","meadow",3,2,156,"553",84,"44755",570,24
"1083","meadow",3,2,156,"553",84,"44765",640,34
"1084","meadow",3,3,157,"553",84,"44724",71,0
"1085","meadow",3,3,157,"553",84,"44753",480,20
"1086","meadow",3,3,157,"553",84,"44755",630,22
"1087","meadow",3,3,157,"553",84,"44759",810,26
